{"count":1,"self":17.3259056,"total":17.395974,"children":{"InitializeActuators":{"count":1,"self":0.001212,"total":0.001212,"children":null},"InitializeSensors":{"count":1,"self":0.001041,"total":0.001041,"children":null},"AgentSendState":{"count":1668,"self":0.019667,"total":0.037335,"children":{"CollectObservations":{"count":1668,"self":0.0067269999999999995,"total":0.0067269999999999995,"children":null},"WriteActionMask":{"count":1668,"self":0.0035619999999999996,"total":0.0035619999999999996,"children":null},"RequestDecision":{"count":1668,"self":0.0073789999999999993,"total":0.0073789999999999993,"children":null}}},"DecideAction":{"count":1668,"self":0.012157999999999999,"total":0.012157999999999999,"children":null},"AgentAct":{"count":1668,"self":0.017620999999999998,"total":0.017620999999999998,"children":null}},"gauges":{"MultirotorAgent.CumulativeReward":{"count":14,"max":-53.749588,"min":-85.3872757,"runningAverage":-75.14673,"value":-72.98536,"weightedAverage":-74.67355}},"metadata":{"timer_format_version":"0.1.0","start_time_seconds":"1698146192","unity_version":"2022.3.11f1","command_line_arguments":"\/home\/verdon\/Unity\/Hub\/Editor\/2022.3.11f1\/Editor\/Unity -projectpath \/home\/verdon\/rl-uas-sim-unity -useHub -hubIPC -cloudEnvironment production -licensingIpc LicenseClient-verdon -hubSessionId c07e9cd3-1fe5-4ffd-844c-8956f64d9344 -accessToken FP1BkhpuK4459L7X_G4d2Wy2PTZP3BsIKT0f1cioDCE005f","communication_protocol_version":"1.5.0","com.unity.ml-agents_version":"2.0.1","scene_name":"UASSim","end_time_seconds":"1698146210"}}